{
  "f1": 0.4603166309629552,
  "precision": 0.7630348172527283,
  "recall": 0.3295675594792758,
  "tp": 4405,
  "fp": 1368,
  "fn": 8961,
  "mode": "strict",
  "when": "2026-05-18T20:42:25Z"
}
